situationKwKey,situationKey,situationKeyword
4218019,8211022,마사지
4218020,8211022,아로마
4218021,8211022,디퓨저
4218022,8211022,바디필로우
4218023,8211022,요가
4218024,8211022,피로
4218025,8211022,새해
4218026,8211023,파티
4218027,8211023,홈
4218028,8211023,와인
4218029,8211023,조명
4218030,8211023,게임
4218031,8211023,보드
4218032,8211023,집
4218033,8211024,초콜릿
4218034,8211024,와인
4218035,8211024,파티
4218036,8211024,게임
4218037,8211024,가족
4218038,8211024,따뜻하다
4218039,8211024,겨울
4218040,8211025,잠옷
4218041,8211025,캔들
4218042,8211025,스피커
4218043,8211025,조명
4218044,8211025,따뜻하다
4218045,8211025,집
4218046,8211025,홈
4218047,8211026,운동
4218048,8211026,덤벨
4218049,8211026,다이어리
4218050,8211026,동기
4218051,8211026,스마트 워치
4218052,8211026,출발
4218053,8211026,시작
4218054,8211026,새해
4218055,8211027,선물
4218056,8211027,포장
4218057,8211027,박스
4218058,8211027,다이어리
4218059,8211027,맞춤
4218060,8211027,연말
4218061,8211027,마음
4218062,8211028,향수
4218063,8211028,스킨
4218064,8211028,케어
4218065,8211028,시계
4218066,8211028,책
4218067,8211028,셀프
4218068,8211028,선물
4218069,8211029,바디
4218070,8211029,로션
4218071,8211029,보습
4218072,8211029,크림
4218073,8211029,립밤
4218074,8211029,핸드크림
4218075,8211029,페이스
4218076,8211029,오일
4218077,8211029,건강
4218078,8211029,피부
4218079,8211030,담요
4218080,8211030,코코아
4218081,8211030,전기장판
4218082,8211030,패딩
4218083,8211030,텀블러
4218084,8211030,전기포트
4218085,8211030,따뜻하다
4218086,8211030,겨울
4218087,8211031,비타민
4218088,8211031,프로폴리스
4218089,8211031,건강차
4218090,8211031,공기청정기
4218091,8211031,건강
4218092,8211031,면역력
4218093,8211031,관리
4218094,8211032,담요
4218095,8211032,코코아
4218096,8211032,전기장판
4218097,8211032,겨울
4218098,8211032,따뜻하다
4218099,8211032,보온
4218100,8211032,전기
4218101,8211033,영양제
4218102,8211033,건강차
4218103,8211033,공기청정기
4218104,8211033,새해
4218105,8211033,건강
4218106,8211033,관리
4218107,8211033,비타민
4218108,8211034,캔들
4218109,8211034,무드등
4218110,8211034,블루투스
4218111,8211034,스피커
4218112,8211034,디퓨저
4218113,8211034,힐링
4218114,8211034,일상
4218115,8211034,집
4218116,8211034,홈
4218117,8211035,마사지기
4218118,8211035,바디필로우
4218119,8211035,페이스오일
4218120,8211035,이불
4218121,8211035,하루
4218122,8211035,피로
4218123,8211036,크리스마스
4218124,8211036,트리
4218125,8211036,조명
4218126,8211036,사진
4218127,8211036,액자
4218128,8211036,인테리어
4218129,8211036,공간
4218130,8211037,운동
4218131,8211037,덤벨
4218132,8211037,비타민
4218133,8211037,루틴
4218134,8211037,다이어리
4218135,8211037,스마트 워치
4218136,8211038,크리스마스
4218137,8211038,트리
4218138,8211038,넛크래커
4218139,8211038,선물
4218140,8211038,연말
4218141,8211039,선물
4218142,8211039,포장
4218143,8211039,세트
4218144,8211039,초콜릿
4218145,8211039,향
4218146,8211039,크리스마스
4218147,8211039,연말
4218148,8211040,파티
4218149,8211040,장식
4218150,8211040,초콜릿
4218151,8211040,블루투스
4218152,8211040,스피커
4218153,8211040,크리스마스
4218154,8211041,조명
4218155,8211041,캔들
4218156,8211041,무드등
4218157,8211041,겨울
4218158,8211041,밤
4218159,8211041,크리스마스
4218160,8211042,담요
4218161,8211042,코코아
4218162,8211042,크리스마스
4218163,8211042,따뜻하다
4218164,8211043,사진
4218165,8211043,액자
4218166,8211043,크리스마스 스노우
4218167,8211043,글로브
4218168,8211043,추억
4218169,8211044,다이어리
4218170,8211044,초콜릿
4218171,8211044,바디
4218172,8211044,보습
4218173,8211044,크리스마스
4218174,8211044,선물
4218175,8211044,새해
4218176,8211045,크리스마스
4218177,8211045,트리
4218178,8211045,디퓨저
4218179,8211045,캔들
4218180,8211045,향
4218181,8211045,빛
4218182,8211045,냄새
4218183,8211045,향기
4218184,8211046,마사지기
4218185,8211046,바디필로우
4218186,8211046,페이스
4218187,8211046,오일
4218188,8211046,크리스마스
4218189,8211046,휴식
4218190,8211046,겨울 밤
4218191,8211047,보드
4218192,8211047,게임
4218193,8211047,크리스마스
4218194,8211047,넛크래커
4218195,8211047,초콜릿
4218196,8211047,가족
4218197,8211047,아이
4218198,8211047,추억
4218199,8211048,크리스마스
4218200,8211048,트리
4218201,8211048,초콜릿
4218202,8211048,사진
4218203,8211048,액자
4218204,8211048,선물
4218205,8211048,아침
4218206,8211049,크리스마스
4218207,8211049,트리
4218208,8211049,넛크래커
4218209,8211049,장식
4218210,8211049,공간
4218211,8211050,향수
4218212,8211050,초콜릿
4218213,8211050,선물
4218214,8211050,포장
4218215,8211050,크리스마스
4218216,8211050,소중한
4218217,8211050,연말
4218218,8211051,조명
4218219,8211051,무드등
4218220,8211051,캔들
4218221,8211051,크리스마스
4218222,8211051,밤
4218223,8211051,반짝
4218224,8211051,연말
4218225,8211052,디퓨저
4218226,8211052,인센스
4218227,8211052,마사지기
4218228,8211052,향
4218229,8211052,휴식
4218230,8211052,크리스마스
4218231,8211052,힐링
4218232,8211053,파티
4218233,8211053,장식
4218234,8211053,블루투스
4218235,8211053,스피커
4218236,8211053,초콜릿
4218237,8211053,저녁
4218238,8211053,크리스마스
4218239,8211054,다이어리
4218240,8211054,바디
4218241,8211054,보습
4218242,8211054,핸드
4218243,8211054,크림
4218244,8211054,손
4218245,8211054,선물
4218246,8211054,마음
4218247,8211054,크리스마스
4218248,8211055,사진
4218249,8211055,액자
4218250,8211055,크리스마스
4218251,8211055,스노우
4218252,8211055,글로브
4218253,8211055,기록
4218254,8211055,추억
4218255,8211055,행복
4218256,8211055,다이어리
4218257,8211056,바디필로우
4218258,8211056,코코아
4218259,8211056,힐링
4218260,8211056,연말
4218261,8211056,크리스마스
4218262,8211056,겨울
4218263,8211056,밤
4218264,8211056,휴식
4218265,8211057,보드
4218266,8211057,게임
4218267,8211057,크리스마스
4218268,8211057,넛크래커
4218269,8211057,초콜릿
4218270,8211057,가족
4218271,8211057,아이
4218272,8211057,추억
4218273,8211058,크리스마스
4218274,8211058,재미
4218275,8211058,아이
4218276,8211058,보드
4218277,8211058,게임
